Unnamed: 0,Name,JapaneseName,Station,FirstCategory,SecondCategory,AVG_DinnerPrice_USD$,AVG_LunchPrice_USD,TotalRating,DinnerRating,LunchRating,ReviewNum,Lat,Long,Cost_Rating_Dinner,Cost_Rating_Lunch
1,Orudeidainingurajou  ,オールデイダイニング　ラジョウ,Kyoto,Buffet style,Cafe,42.0,24.0,3.39,3.2,3.38,56,34.9861751483108,135.761313932311,13.125,7.100591715976331
2,Steak Frites Gaspard zinzin  ,ステックフリット ガスパール ザンザン,Karasuma,Bistro,Steak,33.0,14.0,3.18,3.06,3.33,70,35.0058257987896,135.759856759688,10.784313725490195,4.2042042042042045
5,Shaofeiyan  ,小肥羊 京都河原町店,Kyoto Shiyakusho Mae,Chinese hot pot / fire pot,Chinese,42.0,14.0,3.16,3.16,3.05,23,35.00790072262,135.768201804433,13.291139240506329,4.59016393442623
6,okuta-va  ,OCTAVAR,Kyoto,Bar,Italian,42.0,14.0,3.08,3.0,3.11,24,34.9834970882448,135.760559396056,14.0,4.501607717041801
7,Resort dining&bar HaLe  ,Resort dining&bar HaLe 河原町店,Sanjo,Italian,Bar,33.0,14.0,3.04,3.05,3.0,22,35.007194709143704,135.769468120661,10.819672131147541,4.666666666666667
12,Gionabesu  ,祇園 Abbesses,Gion Shijo,French,Italian,85.0,65.0,3.58,3.54,3.56,120,35.001953696563895,135.774821250723,24.01129943502825,18.258426966292134
14,gionni-yongo  ,祗園245,Sanjo Keihan,Italian,French,117.0,65.0,3.85,3.83,3.75,39,35.0063010233471,135.775622650675,30.548302872062663,17.333333333333332
18,Sakaean  ,さかえ庵,Karasuma,Izakaya (Tavern),Nihonshu (Japanese sake),24.0,,3.09,3.1,3.06,31,35.0046837389483,135.76241409988398,7.741935483870967,
20,ANAGOYA NORESORE  ,穴子家 NORESORE 京都本店,Nijojo Mae,Izakaya (Tavern),Seafood,52.0,24.0,3.5,3.07,3.55,16,35.0125846891279,135.75361946650298,16.938110749185668,6.760563380281691
24,kyoutohyouto  ,京都 瓢斗 京都店,Karasuma,Pork Shabu Shabu,Shabu Shabu (Japanese Steamboat),85.0,24.0,3.64,3.66,3.58,46,35.0055907972466,135.758329397355,23.224043715846992,6.70391061452514
26,Kushiyachouemon  ,長右衛門 京都烏丸店,Karasuma,Izakaya (Tavern),Yakitori (Grilled chicken),33.0,,3.03,3.03,3.02,10,35.0050884162122,135.762063832564,10.891089108910892,
27,Torattoriaviare  ,トラットリアヴィアーレ 京都本店,Kiyomizu Gojo,Italian,Western Cuisine,52.0,14.0,3.44,3.3,3.31,33,34.9985422700966,135.767682833969,15.757575757575758,4.229607250755287
31,Kurogewagyuutenshou  ,黒毛和牛 天正,Marutamachi,Yakiniku (BBQ Beef),Sukiyaki,52.0,,3.5,3.47,3.16,13,35.014663751236895,135.76036464392598,14.985590778097983,
38,Kyoutodaina  ,京都ダイナー,Karasuma,Bistro,Bar,33.0,24.0,3.54,3.53,3.32,82,35.005306746115195,135.76388077677402,9.34844192634561,7.228915662650603
39,Zasoudouhigashiyamakyouto  ,THE SODOH HIGASHIYAMA KYOTO,Gion Shijo,Italian,Pasta,65.0,24.0,3.61,3.61,3.58,272,34.9988963304625,135.779667933418,18.005540166204987,6.70391061452514
42,Tsukihikarasuma  ,月陽 KARASUMA,Shijo,Izakaya (Tavern),Creative cuisine,42.0,14.0,3.17,3.17,3.03,35,35.0014042831755,135.757332172929,13.249211356466878,4.62046204620462
43,Kyoutotempuraendou  ,京都 天ぷら圓堂 岡崎邸,Higashiyama,Tempura,Kaiseki (Traditional Japanese),117.0,52.0,3.55,3.45,3.59,6,35.016166715603,135.78025014546,33.91304347826087,14.484679665738161
46,Trattoria La Pace  ,トラットリア ラパーチェ,Karasuma,Italian,Pizza,42.0,14.0,3.51,3.3,3.51,52,35.0052600869409,135.763347606931,12.727272727272728,3.988603988603989
55,Sunny  ,Sunny,Sanjo,Dining bar,Steak,33.0,14.0,3.48,3.33,3.35,39,35.008812616655696,135.770899871707,9.90990990990991,4.17910447761194
56,Gochiya  ,ご馳家,Kyoto,Izakaya (Tavern),Creative cuisine,33.0,,3.18,3.13,3.1,33,34.9884404609588,135.761279108682,10.543130990415335,
58,o-rudeidainingukaza  ,オールデイダイニング カザ,Kyoto,Buffet style,Cafe,42.0,24.0,3.41,3.08,3.52,15,34.9861608292917,135.752504109069,13.636363636363637,6.818181818181818
60,Manjirou  ,萬治郎,Gion Shijo,Kaiseki (Traditional Japanese),Kyoto Cuisine,117.0,33.0,3.57,3.54,3.53,57,35.0017457541648,135.780026105812,33.05084745762712,9.34844192634561
62,chuugokuryourichimmin  ,中国料理 青冥 祇園店,Gion Shijo,Chinese,Dim sum,52.0,14.0,3.5,3.21,3.52,44,35.0041359664734,135.775011689987,16.1993769470405,3.977272727272727
63,Hanasaki  ,花咲 錦店,Karasuma,Kyoto Cuisine,Kaiseki (Traditional Japanese),117.0,42.0,3.58,3.54,3.58,30,35.0043996209478,135.76320599164302,33.05084745762712,11.731843575418994
65,furenchidainingutoppuobukyouto  ,フレンチダイニング トップ オブ キョウト,Kyoto,French,Restaurants (other),117.0,52.0,3.07,3.07,3.06,33,34.9861624957947,135.752504942257,38.11074918566776,16.99346405228758
68,Kyoutogiontempurayasakaendou  ,京都祇園 天ぷら八坂圓堂,Gion Shijo,Tempura,Kaiseki (Traditional Japanese),117.0,52.0,3.68,3.64,3.68,252,34.9989145822574,135.77511164431002,32.14285714285714,14.130434782608695
70,Komefuku  ,米福 四条烏丸,Karasuma,Tempura,Ten-don (Tempura Bowl),24.0,,3.55,3.51,3.56,140,35.0046062331496,135.761353080459,6.837606837606838,
71,Gionkyouryourihanasaki  ,祇園 京料理 花咲,Gion Shijo,Kyoto Cuisine,Kaiseki (Traditional Japanese),117.0,42.0,3.5,3.32,3.45,56,35.001987605201,135.77615947135598,35.24096385542169,12.17391304347826
73,Ittetsugurache  ,Ittetsu Grazie,Karasuma,Yakiniku (BBQ Beef),Bar,33.0,,3.52,3.5,3.32,33,35.0047036962275,135.762538484634,9.428571428571429,
74,Ichishun  ,一瞬,Kyoto,Izakaya (Tavern),Japanese food (other),42.0,,3.53,3.52,3.4,72,34.9877799444932,135.7594723447,11.931818181818182,
77,RIGOLETTO SMOKE GRILL & BAR  ,RIGOLETTO SMOKE GRILL & BAR,Gion Shijo,Italian,Spain,42.0,14.0,3.52,3.5,3.51,113,35.0023853402133,135.77614667632798,12.0,3.988603988603989
79,Kyouryouritategami  ,京料理 立神,Marutamachi,Kyoto Cuisine,Kaiseki (Traditional Japanese),65.0,24.0,3.51,3.49,3.2,11,35.017654408043796,135.752669034239,18.624641833810887,7.5
81,BELLOTA concha  ,ベジョータコンチャ 富小路店,Kawaramachi,Spain,Italian,33.0,14.0,3.16,3.16,3.06,23,35.0028287148498,135.764830752759,10.443037974683543,4.57516339869281
86,Italian bar Lugol  ,イタリアンバール ルゴール,Karasuma Oike,Italian,Pasta,24.0,,3.03,3.02,3.04,28,35.0111876696183,135.756670110802,7.947019867549669,
94,Ampan  ,内房,Karasuma Oike,Korean cuisine,Yakiniku (BBQ Beef),33.0,14.0,3.08,3.09,3.0,20,35.0085107284906,135.75637053671102,10.679611650485437,4.666666666666667
95,rino  ,Lino,Karasuma Oike,Italian,Pasta,65.0,14.0,3.2,3.05,3.2,10,35.013142472915895,135.757379128582,21.311475409836067,4.375
96,REAL NETA DINING ICHIZ  ,イチズ,Tambaguchi,Italian,Izakaya (Tavern),42.0,,3.05,3.05,3.0,14,34.9929450895897,135.735796850912,13.77049180327869,
101,Pierupureshiuzu  ,ピエール プレシウーズ,Karasuma Oike,French,Western Cuisine,52.0,14.0,3.06,3.04,3.06,14,35.0072606963549,135.762778950935,17.105263157894736,4.57516339869281
102,Yamadaruma  ,やまだるま,Karasuma Oike,Izakaya (Tavern),Seafood,33.0,,3.03,3.03,3.03,10,35.0073406469914,135.760442474632,10.891089108910892,
103,unagihitsumabushisumiyagura  ,うなぎ･ひつまぶし炭櫓 京都四条河原町店,Kawaramachi,Unagi (Freshwater eel),Kyoto Cuisine,24.0,14.0,3.21,3.03,3.21,7,35.003582046335104,135.769830756877,7.920792079207922,4.361370716510904
104,pittsuxeriaba-rurenapori  ,ピッツェリア・バール・レ・ナポリ 京都錦,Karasuma,Italian,Pizza,24.0,,3.37,3.07,3.52,37,35.0050542545871,135.762143271984,7.817589576547232,
109,Pizzeria e Bar La Voce  ,Pizzeria e Bar La Voce,Kawaramachi,Italian,Pizza,33.0,14.0,3.18,3.18,3.05,14,35.0024457106357,135.765917523079,10.377358490566037,4.59016393442623
110,Nyavetonamu  ,ニャーヴェトナム 京都店,Kyoto,Viet Nam cuisine,Cafe,33.0,14.0,3.04,3.04,3.02,18,34.9887087338191,135.759459802978,10.855263157894736,4.635761589403973
113,Gionramburu  ,祇園らんぶる,Gion Shijo,Kyoto Cuisine,Creative cuisine,52.0,33.0,3.56,3.56,3.06,24,35.00311635866161,135.775318100373,14.606741573033707,10.784313725490195
116,jukuseiyakinikupondo  ,熟成焼肉 听 四条大宮店,Shijo Omiya,Yakiniku (BBQ Beef),Horumon (BBQ Offel),52.0,14.0,3.28,3.25,3.09,26,35.0045498978592,135.748173899804,16.0,4.53074433656958
118,Kyoutonijoutosaka  ,京都二条とさか,Marutamachi,Kappo (Traditional Japanese),Japanese food (other),85.0,24.0,3.53,3.36,3.57,13,35.013590006641806,135.762050386696,25.297619047619047,6.722689075630252
119,YAMAMURA GYUUBEI  ,近江牛Steak&Wine 山村牛兵衛 四条大宮店,Omiya,Izakaya (Tavern),Italian,33.0,14.0,3.06,3.04,3.06,17,35.0050615247931,135.74903213830498,10.855263157894736,4.57516339869281
121,Machiyashisenhoshitsukiyo  ,町家四川 星月夜,Omiya,Sichuan Cuisine,Shanghai Cuisine,85.0,33.0,3.53,3.27,3.56,14,35.0014650442168,135.753565538506,25.99388379204893,9.269662921348315
122,Ameirobisutoroaruru  ,アメイロビストロアルル,Nishi Maizuru,Italian,Cafe,33.0,14.0,3.05,3.04,3.06,8,35.4531345954263,135.329018056996,10.855263157894736,4.57516339869281
123,LODGE  ,北海道ステーキハウス LODGE,Kyoto Shiyakusho Mae,Steak,Izakaya (Tavern),42.0,14.0,3.06,3.06,3.0,4,35.0097955295841,135.768753338055,13.72549019607843,4.666666666666667
124,Yosuke YAMAJI  ,山地陽介,Gion Shijo,French,Modern French,235.0,85.0,4.02,3.68,3.75,44,35.0027080751407,135.775669756633,63.85869565217391,22.666666666666668
125,Feliz-Lana  ,フェリスラナ,Karasuma,Italian,Bar,33.0,14.0,3.2,3.2,3.06,23,35.0023384434237,135.762685018699,10.3125,4.57516339869281
128,Teramachiyoshikura  ,寺町よしくら,Demachiyanagi,Kaiseki (Traditional Japanese),Kyoto Cuisine,52.0,14.0,3.16,3.13,3.09,33,35.0287626378569,135.767667880596,16.61341853035144,4.53074433656958
130,bisutorowaraku  ,Bistro WARAKU 四条柳馬場店,Karasuma,Bistro,Bar,42.0,14.0,3.2,3.14,3.15,37,35.0044229668434,135.764068141189,13.375796178343949,4.444444444444445
133,Higashinotouinsou  ,東洞院SOU,Karasuma Oike,Kappo (Traditional Japanese),Japanese food (other),42.0,14.0,3.15,3.15,3.06,6,35.0074942517641,135.761020197357,13.333333333333334,4.57516339869281
138,Gionemon  ,祇園えもん,Higashiyama,Sushi,Kappo (Traditional Japanese),65.0,14.0,3.48,3.39,3.23,17,35.0070682048416,135.777988807732,19.1740412979351,4.3343653250774
148,Parinijuuikku  ,パリ21区,Kawaramachi,Steak,Beer,24.0,14.0,3.15,3.06,3.3,45,35.0051732085629,135.766597896551,7.8431372549019605,4.242424242424242
149,ajidokorosamon  ,味どころ 佐門,Sai,Izakaya (Tavern),Okinawan Cuisine,33.0,,3.05,3.04,3.03,2,35.0039066692894,135.734330079148,10.855263157894736,
153,kyouryourikaji  ,京料理 かじ,Marutamachi,Kyoto Cuisine,Kaiseki (Traditional Japanese),85.0,52.0,3.56,3.54,3.51,67,35.0172339290037,135.754474736969,24.01129943502825,14.814814814814815
154,nikugaumaikafenikkusutokku  ,肉が旨いカフェ NICK STOCK 京都リサーチパーク店,Tambaguchi,Cafe,Steak,24.0,14.0,3.19,3.09,3.14,41,34.9955417719794,135.73669499009898,7.766990291262136,4.45859872611465
158,Nihonryouriukihashi  ,浮橋,Kyoto,Kaiseki (Traditional Japanese),Kyoto Cuisine,85.0,33.0,3.53,3.51,3.54,42,34.986078184152795,135.759591579816,24.216524216524217,9.322033898305085
161,KYOTO GATTEN  ,酒と肉天ぷら 勝天,Gion Shijo,Tempura,Sushi,33.0,14.0,3.09,3.06,3.18,11,35.0040634027413,135.770918699917,10.784313725490195,4.40251572327044
164,Saredokafe  ,saredoかふぇ,Kyoto,Cafe,Crepes,14.0,14.0,3.11,3.0,3.12,21,34.9890664307592,135.757022211173,4.666666666666667,4.487179487179487
170,mo-shondaina-  ,MOTION DINER KYOTO,Kyoto Shiyakusho Mae,Cafe,Burger,24.0,14.0,3.12,3.05,3.12,19,35.0079904252289,135.767628236827,7.868852459016394,4.487179487179487
172,Tenshinchashitsu  ,點心茶室 京都店,Kyoto,Shanghai Cuisine,Cantonese Cuisine,33.0,14.0,3.54,3.51,3.52,52,34.9858540036173,135.757424825642,9.401709401709402,3.977272727272727
175,Mukadeya  ,百足屋 本店,Karasuma,Kyoto Cuisine,Japanese food (other),65.0,33.0,3.07,3.0,3.08,21,35.005659231154,135.756468653259,21.666666666666668,10.714285714285714
176,Hanagokoro  ,花ごころ,Hanazono,Kyoto Cuisine,Shojin Cuisine (Buddhist Cuisine),33.0,14.0,3.08,3.09,3.06,11,35.0211042512664,135.721942974391,10.679611650485437,4.57516339869281
179,kyoutoayanokoujimangetsunohana  ,京都綾小路 満月の花,Karasuma,Sweets,Japanese food (other),24.0,,3.26,3.09,3.21,26,35.0025617701124,135.763672148658,7.766990291262136,
181,Ikiikiudon  ,いきいきうどん 京都店,Karasuma Oike,Udon,Japanese food (other),,,3.18,3.09,3.14,47,35.0112104746148,135.758368024296,,
185,chisouyouga  ,馳走 陽雅,Gojo,Kaiseki (Traditional Japanese),Kyoto Cuisine,117.0,65.0,3.63,3.61,3.51,8,34.9940370483543,135.75920596762302,32.40997229916898,18.51851851851852
186,Kushiyamonogatari  ,串家物語 京都ヨドバシ店,Kyoto,Kushi-age (Fried Skewer),Izakaya (Tavern),24.0,14.0,3.0,3.0,3.01,14,34.9881307373069,135.759300676139,8.0,4.651162790697675
190,Satsumagokamon  ,薩摩ごかもん 京都四条烏丸本店,Karasuma,Izakaya (Tavern),Sukiyaki,33.0,,3.07,3.09,3.0,27,35.0040723797291,135.760114596783,10.679611650485437,
192,Himiko  ,卑弥呼 舞鶴,Higashi Maizuru,Izakaya (Tavern),Seafood,42.0,14.0,3.12,3.08,3.21,29,35.475659448994605,135.394954321689,13.636363636363637,4.361370716510904
194,CHULETA  ,チュレタ,Gion Shijo,Spain,Bar,52.0,14.0,3.58,3.58,3.06,24,35.004132038915,135.772773820467,14.525139664804469,4.57516339869281
195,GRILL&PUB The NICK STOCK  ,GRILL&PUB The NICK STOCK 三条河原町店,Sanjo,Steak,Bar,24.0,14.0,3.0,3.06,3.0,19,35.008732885781995,135.769916345949,7.8431372549019605,4.666666666666667
197,Brochette  ,ブロシェット,Karasuma Oike,Western (Others),French,33.0,14.0,3.55,3.54,3.51,44,35.010390055425894,135.761151164263,9.322033898305085,3.988603988603989
203,BISTRO BAR A VIN  C  ,ビストロ セー,Shijo,Bistro,Seafood,24.0,33.0,3.51,3.51,3.1,49,35.001396243262896,135.75817849190202,6.837606837606838,10.64516129032258
206,nikugaumaikafenikkusutokku  ,肉が旨いカフェ NICK STOCK イオンモールKYOTO店,Toji,Cafe,Steak,14.0,14.0,3.19,3.11,3.09,17,34.9831039778838,135.755014596872,4.501607717041801,4.53074433656958
207,Teppankushiyakisakura  ,鉄板串焼き 咲蔵,Chushojima,Izakaya (Tavern),Teppanyaki,33.0,,3.05,3.04,3.05,7,34.9304169208423,135.759897728248,10.855263157894736,
208,TORIBUN  ,炭焼家 酉文,Kawaramachi,Izakaya (Tavern),Yakitori (Grilled chicken),33.0,14.0,3.02,3.02,3.02,10,35.0040039412769,135.76958020270598,10.927152317880795,4.635761589403973
209,Supuringubareburuwarikyouto  ,スプリングバレーブルワリー 京都,Kawaramachi,Dining bar,Cafe,33.0,14.0,3.53,3.52,3.43,36,35.0054145412285,135.764856918916,9.375,4.081632653061225
212,Daitouryou  ,大當両,Gion Shijo,Kyoto Cuisine,Kaiseki (Traditional Japanese),65.0,42.0,3.08,3.05,3.13,16,35.00468500724789,135.771166428501,21.311475409836067,13.4185303514377
213,Nagomijun  ,和 旬゛,Shijo,Kyoto Cuisine,Kaiseki (Traditional Japanese),65.0,33.0,3.15,3.15,3.05,16,35.0048941434939,135.75480277787202,20.634920634920636,10.819672131147541
214,Hiroya  ,ひろや,Kurama,Kaiseki (Traditional Japanese),Kyoto Cuisine,165.0,165.0,3.59,3.59,3.57,51,35.1224245875838,135.763415575783,45.96100278551532,46.21848739495798
223,nikuyanodaidokoro  ,肉屋の台所 京都木屋町ミート,Sanjo,Yakiniku (BBQ Beef),Horumon (BBQ Offel),33.0,14.0,3.0,3.0,3.03,6,35.008282945920804,135.770604087326,11.0,4.62046204620462
232,Bairan  ,梅蘭 イオンモール京都桂川店,Katsuragawa,Chinese,Dim sum,14.0,,3.12,3.1,3.07,29,34.9638660290022,135.706929476087,4.516129032258064,
234,yakinikutobi-ruichibakouji  ,焼肉とビール 市場小路 四条烏丸店,Karasuma,Yakiniku (BBQ Beef),Horumon (BBQ Offel),42.0,14.0,3.06,3.05,3.06,4,35.0041026546082,135.760134038219,13.77049180327869,4.57516339869281
237,tounyuutonshabutoratarou  ,豆乳とんしゃぶ 寅太郎,Shijo,Kaiseki (Traditional Japanese),Shabu Shabu (Japanese Steamboat),52.0,33.0,3.0,3.0,3.06,31,35.0014854399394,135.760442744194,17.333333333333332,10.784313725490195
239,Mossannobetayaki  ,モッさんのべた焼,Sai,Okonomiyaki,Horumon (BBQ Offel),24.0,,3.51,3.51,3.06,19,35.0030579623755,135.73955107351003,6.837606837606838,
241,Gottie'sBEEF  ,ゴッチーズビーフ 四条木屋町,Gion Shijo,Steak,Yakiniku (BBQ Beef),42.0,14.0,3.09,3.09,3.07,50,35.0042139376688,135.770659547842,13.592233009708739,4.5602605863192185
242,pasutakorekushonandoba-dougetsuneo  ,Pasta Collection &  Bar 道月neo,Shijo,Izakaya (Tavern),Pasta,42.0,14.0,3.43,3.09,3.52,9,35.0023747986738,135.760981825142,13.592233009708739,3.977272727272727
243,Shougetsu  ,将月 河原町店,Kawaramachi,Okonomiyaki,Teppanyaki,24.0,,3.08,3.09,3.07,22,35.0067669680697,135.768950127822,7.766990291262136,
253,konken  ,コンケン,Kawaramachi,Thailand cooking,Izakaya (Tavern),14.0,,3.12,3.09,3.08,7,35.0047954829718,135.76727258013202,4.53074433656958,
255,Yamabanaheihachidiya  ,山ばな平八茶屋,Shugakuin,Kyoto Cuisine,Kaiseki (Traditional Japanese),117.0,42.0,3.56,3.54,3.48,29,35.0540652185977,135.791069150017,33.05084745762712,12.068965517241379
257,Kyouyoushokumatsumoto  ,京洋食　まつもと,Karasuma,Western Cuisine,French,42.0,14.0,3.33,3.12,3.43,20,35.0062209598182,135.755592651184,13.461538461538462,4.081632653061225
259,ITALIAN BAR MODERNTIMES  ,イタリアンバール モダンタイムス,Marutamachi,Italian,Pizza,24.0,,3.29,3.16,3.27,15,35.0134296607426,135.75716857728997,7.594936708860759,
260,Aiyoxtsu  ,あいよっ！,Karasuma Oike,Kushi-age (Fried Skewer),Izakaya (Tavern),14.0,,3.05,3.05,3.04,5,35.0083908126893,135.76045659177402,4.59016393442623,
261,Chanchi  ,チャンチ 京都店 ,Kyoto,Korean cuisine,Izakaya (Tavern),24.0,,3.46,3.05,3.46,34,34.9882018356172,135.759003197571,7.868852459016394,
269,Ichibakouji  ,市場小路 寺町本店,Kawaramachi,Izakaya (Tavern),Steak,33.0,14.0,3.51,3.5,3.5,69,35.0052579227962,135.766659276441,9.428571428571429,4.0
272,Tempurashinjukutsunahachi  ,天ぷら新宿つな八 京都店,Kawaramachi,Tempura,Kaiseki (Traditional Japanese),42.0,14.0,3.02,3.02,3.02,17,35.003206223537504,135.76813258188102,13.90728476821192,4.635761589403973
278,Toriasa  ,鳥あさ,Karasuma,Izakaya (Tavern),Yakitori (Grilled chicken),33.0,,3.09,3.08,3.13,23,35.004073490731,135.760115152241,10.714285714285714,
282,Rejon  ,レジョン,Kawaramachi,French,Bistro,42.0,14.0,3.4,3.33,3.15,5,35.0043410421313,135.764696148361,12.612612612612612,4.444444444444445
284,Osakenobijutsukan  ,お酒の美術館 河原町三条店,Kyoto Shiyakusho Mae,Bar,Dining bar,14.0,14.0,3.06,3.06,3.04,6,35.0085134524901,135.769211136841,4.57516339869281,4.605263157894737
285,wainandooyasaibarubejibaru  ,ワイン＆お野菜バル ベジバル,Shijo,Italian,Wine bar,42.0,24.0,3.51,3.51,3.24,33,35.0027690463108,135.756766378431,11.965811965811966,7.4074074074074066
287,Yudoufutakemura  ,湯どうふ 竹むら,Arashiyama,Tofu,Yuba,33.0,33.0,3.5,3.18,3.52,47,35.0174861567175,135.676820063458,10.377358490566037,9.375
288,ajiromanishigamatei  ,味浪漫いしがま亭,Gion Shijo,Izakaya (Tavern),Kyoto Cuisine,42.0,14.0,3.12,3.07,3.21,27,35.002124989393394,135.770370779114,13.680781758957655,4.361370716510904
291,Bar PLAYGROUND  ,バル　プレイグラウンド,Imadegawa,Bar,Wine bar,33.0,14.0,3.06,3.06,3.05,2,35.0295642817079,135.754755257071,10.784313725490195,4.59016393442623
292,Kyameron  ,キャメロン,Kawaramachi,Steak,French,65.0,24.0,3.07,3.0,3.08,50,35.0007170141562,135.76634728920098,21.666666666666668,7.792207792207792
299,Kyoutokeburikawa  ,京都・烟河,  Kameoka,Ryokan,Auberge,85.0,24.0,3.42,3.49,3.45,27,35.0218892615986,135.49987094522498,24.355300859598852,6.956521739130435
300,Gionyamamoto  ,祇園 山本,Gion Shijo,Kaiseki (Traditional Japanese),Kyoto Cuisine,117.0,117.0,3.06,3.06,3.05,2,35.0053383546023,135.775969888382,38.23529411764706,38.36065573770492
301,Kappouyoshizen  ,割烹 吉膳,Gion Shijo,Kappo (Traditional Japanese),Kaiseki (Traditional Japanese),117.0,117.0,3.58,3.56,3.5,16,35.0014552168919,135.779293680016,32.86516853932584,33.42857142857143
304,itaria-nasagura  ,italiana SAGRA,Gion Shijo,Italian,Wine bar,85.0,33.0,3.59,3.6,3.52,76,35.0045350229217,135.77114532604799,23.61111111111111,9.375
308,Ichibakouji  ,市場小路 ジェイアール京都伊勢丹店,Kyoto,Dining bar,Creative cuisine,42.0,14.0,3.5,3.45,3.2,68,34.9858523371143,135.75742399245502,12.17391304347826,4.375
314,sute-kihausupondo  ,ステーキハウス 听 四条河原町店,Kawaramachi,Steak,Western Food (Other),52.0,14.0,3.31,3.27,3.1,40,35.0039567310859,135.769979893907,15.902140672782874,4.516129032258064
316,Yakinikuhorumongyuuteruryourianiki  ,焼肉ホルモン・牛テール料理　あにき,Shijo Omiya,Yakiniku (BBQ Beef),Horumon (BBQ Offel),33.0,,3.14,3.14,3.12,14,35.0033891092207,135.743624608845,10.509554140127388,
321,Trattoria La Voce  ,トラットリア ラ・ヴォーチェ,Karasuma,Italian,Pasta,42.0,14.0,3.5,3.13,3.53,76,35.0046017230065,135.757564228663,13.4185303514377,3.96600566572238
322,Saketosakanatootokomaeshokudou  ,酒と魚とオトコマエ食堂,Kyoto,Izakaya (Tavern),Seafood,33.0,33.0,3.0,3.0,3.03,5,34.987692750159695,135.76053503823601,11.0,10.891089108910892
323,Karyou  ,迦陵,Gion Shijo,Kyoto Cuisine,Kaiseki (Traditional Japanese),117.0,52.0,3.68,3.72,3.71,56,35.0017880519702,135.774576246268,31.451612903225804,14.016172506738545
324,Kyoutotawahoteruokujoubiagaden  ,京都タワーホテル 屋上ビアガーデン,Kyoto,Beer garden,BBQ,33.0,42.0,3.04,3.04,3.01,15,34.987429990681896,135.759973708063,10.855263157894736,13.953488372093025
328,Kyo gastronomy KOZO  ,Kyo gastronomy KOZO,Marutamachi,French,Kyoto Cuisine,65.0,33.0,3.06,3.06,3.06,12,35.0163828159497,135.765054453067,21.241830065359476,10.784313725490195
329,Teramachihambagugokurakutombo  ,寺町ハンバーグ 極楽蜻蛉,Kyoto Shiyakusho Mae,Hamburger Steak,Western Cuisine,33.0,14.0,3.04,3.03,3.04,6,35.0141669829842,135.767409637268,10.891089108910892,4.605263157894737
334,Grelot  ,グレロ,Gion Shijo,French,Western Cuisine,65.0,33.0,3.45,3.23,3.24,16,35.0018373086887,135.774166588229,20.123839009287927,10.185185185185185
335,kyoutoteppantachibana  ,京都 鉄板 たちばな,Shijo,Teppanyaki,Okonomiyaki,33.0,,3.03,3.03,3.02,11,35.001451242129896,135.758450411231,10.891089108910892,
337,CRAFT BEER & PIZZA 100K HYAKKEI  ,クラフトビール&ピザ 100K,Kyoto,Italian,Pizza,14.0,,3.0,3.0,3.0,8,34.989352023161395,135.760880488706,4.666666666666667,
340,Bankokugaden  ,バンコクガーデン,Marutamachi,Thailand cooking,Thai Curry,24.0,,3.08,3.02,3.09,34,35.015712584976804,135.763629880014,7.947019867549669,
343,Tajimaya  ,但馬屋 京都ヨドバシ店,Kyoto,Shabu Shabu (Japanese Steamboat),Sukiyaki,24.0,,3.0,3.01,3.0,26,34.9880843488581,135.75904181088498,7.9734219269103,
344,Torisei  ,鳥せい 京都タワーサンド店,Kyoto,Izakaya (Tavern),Yakitori (Grilled chicken),24.0,,3.16,3.15,3.07,21,34.9875610768654,135.75934930943998,7.6190476190476195,
347,Rudensu  ,ルーデンス,Marutamachi,Italian,Vegetable dishes,117.0,52.0,3.46,3.46,3.06,4,35.0139657947104,135.761760115723,33.8150289017341,16.99346405228758
350,Hachisei  ,八清,Tambaguchi,Kyoto Cuisine,Kaiseki (Traditional Japanese),65.0,24.0,3.02,3.03,3.02,4,34.9951733748197,135.746687788271,21.452145214521455,7.947019867549669
352,Kyoutonishikitempurasakabataneshichi  ,京都 錦 天ぷら酒場 たね七,Karasuma,Tempura,Izakaya (Tavern),24.0,,3.06,3.06,3.06,12,35.004729901214496,135.763226478858,7.8431372549019605,
353,Roti Chicken&Jackie Tacos  ,ロテイー チキンアンドジャッキー タコス,Shijo,Mexico cuisine,Bar,24.0,14.0,3.53,3.5,3.52,67,35.0004287056027,135.760199999643,6.857142857142857,3.977272727272727
356,Jukuseiyakinikupondo  ,熟成焼肉 听 京都駅前店,Kyoto,Yakiniku (BBQ Beef),Horumon (BBQ Offel),52.0,14.0,3.13,3.12,3.06,14,34.9891072870517,135.758586801575,16.666666666666668,4.57516339869281
357,kyoumachiyaitarianronkusu  ,京町家イタリアンろんくす,Kawaramachi,Italian,Sumibiyaki,52.0,24.0,3.0,3.0,3.05,15,35.0003212201544,135.766175377257,17.333333333333332,7.868852459016394
363,Oumiyaseiemon  ,近江屋清右衛門,Marutamachi,European-style Curry,Curry rice,14.0,14.0,3.54,3.3,3.53,97,35.0175594520648,135.754607766489,4.242424242424242,3.96600566572238
371,osakenobijutsukankyoutosanjoukarasumaretoropabu  ,お酒の美術館 京都三条烏丸レトロパブ,Karasuma Oike,Bar,Pub,14.0,,3.07,3.07,3.08,14,35.0088371264815,135.758890312416,4.5602605863192185,
376,fu-zuba-shioriya  ,Foods bar 栞屋,Fushimi Momoyama,Izakaya (Tavern),Seafood,33.0,14.0,3.08,3.09,3.02,27,34.93221704397239,135.762067187416,10.679611650485437,4.635761589403973
378,Kyoukarasuma  ,KYOU 饗 Karasuma,Marutamachi,Kappo (Traditional Japanese),Shabu Shabu (Japanese Steamboat),52.0,24.0,3.04,3.01,3.05,3,35.0170448658086,135.759240738747,17.27574750830565,7.868852459016394
379,konana  ,こなな 四条店,Karasuma,Pasta,Cafe,14.0,14.0,3.0,3.05,3.0,21,35.0048187081379,135.761222248208,4.59016393442623,4.666666666666667
380,Eijuan  ,栄寿庵,Kyoto,Kyoto Cuisine,Kaiseki (Traditional Japanese),52.0,24.0,3.0,3.04,3.0,6,34.9868944053945,135.754991924237,17.105263157894736,8.0
382,kyoutogyuukaisekiinayoshi  ,京都牛懐石 稲吉,Gion Shijo,Kaiseki (Traditional Japanese),Beef dishes,117.0,33.0,3.52,3.5,3.38,36,35.0061859589746,135.771232742776,33.42857142857143,9.763313609467456
383,Sumibikushiyakitsujiya  ,炭火串焼 つじや 本店,Marutamachi,Yakitori (Grilled chicken),Izakaya (Tavern),33.0,,3.19,3.14,3.1,29,35.0147078952308,135.759336949466,10.509554140127388,
384,Koji  ,Cozy,Nijojo Mae,Western Cuisine,Buffet style,42.0,24.0,3.21,3.06,3.39,60,35.0126843848362,135.75271203727502,13.72549019607843,7.0796460176991145
386,gionkurashita  ,祇園 くらした,Gion Shijo,Kyoto Cuisine,Kaiseki (Traditional Japanese),117.0,33.0,3.39,3.41,3.02,20,35.0024242162741,135.775650326871,34.3108504398827,10.927152317880795
391,Kyouryouriyumekaisekitaniguchi  ,京料理夢懐石 谷ぐち,Marutamachi,Kyoto Cuisine,Kaiseki (Traditional Japanese),65.0,42.0,3.51,3.51,3.5,6,35.0169202593955,135.765107757229,18.51851851851852,12.0
392,Kinnotsubasaerudoru  ,金の翼 エルドール,Karasuma,Izakaya (Tavern),Korean cuisine,33.0,14.0,3.0,3.01,3.0,23,35.0048165080561,135.762476310827,10.963455149501662,4.666666666666667
393,Umekoujikorabo  ,梅小路コラボ,Tambaguchi,Italian,Pasta,33.0,14.0,3.06,3.0,3.06,11,34.9895269742883,135.743251111435,11.0,4.57516339869281
395,Zakicchinsaruvatorekuomo  ,ザ キッチン サルヴァトーレ クオモ 京都,Kyoto,Italian,Cafe,33.0,14.0,3.49,3.37,3.48,196,34.9858523371143,135.75742399245502,9.792284866468842,4.022988505747127
397,Kawamuraryourihei  ,川村料理平 御幸町店,Kawaramachi,Izakaya (Tavern),Japanese food (other),33.0,14.0,3.07,3.0,3.08,24,35.0052540277354,135.766282085724,11.0,4.545454545454545
398,Kyoutokimurayahonten  ,京都木村屋本店,Kyoto,Izakaya (Tavern),Motsu Nabe (Offel Hot Pot),33.0,14.0,3.0,3.0,3.03,48,34.986059314403704,135.760571777058,11.0,4.62046204620462
400,Tsushima  ,対馬,Shijo Omiya,Izakaya (Tavern),Seafood,14.0,33.0,3.5,3.47,3.12,18,35.0050820424849,135.74699008473,4.034582132564841,10.576923076923077
402,kaisekifuransuryourigurumantachibana  ,懐石フランス料理 グルマン橘,Kyoto,French,Western Cuisine,85.0,42.0,3.18,3.0,3.39,12,34.9861619402937,135.752504664528,28.333333333333332,12.389380530973451
403,THE ROCKIN' HEARTS  ,ザ・ロッキンハーツ,Uji,Dining bar,Curry rice,14.0,,3.07,3.05,3.08,11,34.889690747805,135.801008073854,4.59016393442623,
407,Danieruzusore  ,ダニエルズソーレ,Karasuma,Italian,Pizza,33.0,14.0,3.21,3.05,3.37,51,35.005453110725604,135.762710706494,10.819672131147541,4.154302670623145
409,Amakudoparadhikambaikan  ,アマーク ド パラディ 寒梅館 ,Imadegawa,Cafe,Italian,33.0,,3.39,3.1,3.32,59,35.0313325028615,135.759160643125,10.64516129032258,
411,Kyouwazentainotai  ,京和膳 鯛廼鯛,Karasuma,Kyoto Cuisine,Kaiseki (Traditional Japanese),52.0,24.0,3.42,3.23,3.39,3,35.0062114378682,135.757938580376,16.09907120743034,7.0796460176991145
412,Nagamegawapontochouhana  ,眺河　先斗町～華～,Gion Shijo,Kaiseki (Traditional Japanese),Tofu,52.0,33.0,3.56,3.55,3.35,36,35.0046055709265,135.771145045046,14.647887323943662,9.850746268656716
413,mekishikandaininguabokado  ,Mexican Dining AVOCADO  京都店,Sanjo,Mexico cuisine,Cafe,33.0,14.0,3.14,3.08,3.22,58,35.0087559447513,135.770252983596,10.714285714285714,4.3478260869565215
419,nikudokoroikkou  ,肉処 一幸,Marutamachi,Yakiniku (BBQ Beef),Korean cuisine,42.0,,3.04,3.04,3.03,12,35.0174966548827,135.75311233802,13.81578947368421,
423,teppanyakiaoi  ,鉄板焼　葵,Kyoto,Teppanyaki,Japanese food (other),117.0,42.0,3.09,3.07,3.15,11,34.9861624957947,135.752504942257,38.11074918566776,13.333333333333334
427,Southern Court  ,サザンコート,Kyoto,Dining bar,Western (Others),33.0,24.0,3.58,3.56,3.54,82,34.986078184152795,135.759591579816,9.269662921348315,6.779661016949152
429,Tenkanoyakinikudaishougun  ,天下の焼肉 大将軍 四条大宮店,Omiya,Yakiniku (BBQ Beef),Korean cuisine,33.0,,3.2,3.04,3.36,27,35.0032553440389,135.749887705965,10.855263157894736,
430,il pozzo  ,イル ポッツオ,Karasuma Oike,Italian,Pasta,33.0,14.0,3.1,3.09,3.08,47,35.0079270375066,135.75521941443398,10.679611650485437,4.545454545454545
431,kyouryouriuryuu  ,京料理 卯柳,Sanjo,Kaiseki (Traditional Japanese),Fugu (Blowfish),85.0,33.0,3.23,3.15,3.16,15,35.006860051535604,135.771117999047,26.984126984126984,10.443037974683543
432,Rakusenrou  ,楽仙樓,Karasuma,Chinese,Izakaya (Tavern),24.0,,3.5,3.36,3.38,66,35.0033902461784,135.761013997939,7.142857142857143,
433,Kishouzakura  ,貴匠桜,Kiyomizu Gojo,French,Creative cuisine,65.0,33.0,3.31,3.31,3.06,18,34.997616924973805,135.77406373553,19.637462235649547,10.784313725490195
434,ryoushigoya  ,舞鶴港 漁師小屋,Nishi Maizuru,Izakaya (Tavern),Seafood,33.0,14.0,3.39,3.15,3.51,9,35.4483692416298,135.327290919841,10.476190476190476,3.988603988603989
435,nikubarudakara  ,ニクバルダカラ 京都四条烏丸店,Karasuma,Izakaya (Tavern),Steak,33.0,,3.04,3.04,3.03,6,35.0035378388188,135.760742324055,10.855263157894736,
436,BARVIDA  ,バルビダ イオンモール京都桂川店,Katsuragawa,Dining bar,Teppanyaki,24.0,,3.04,3.04,3.04,10,34.965176992307704,135.706495285121,7.894736842105263,
437,kafeandodainingubambi  ,Cafe&dining Bambi,Kyoto Shiyakusho Mae,Italian,Cafe,33.0,,3.19,3.19,3.05,21,35.0078545687395,135.76547064449198,10.344827586206897,
438,Erudoru  ,エルドール,Matsugasaki,Yakiniku (BBQ Beef),Horumon (BBQ Offel),42.0,14.0,3.09,3.07,3.13,13,35.051384503712605,135.773858776996,13.680781758957655,4.472843450479234
439,Ippinhashinaga  ,逸品　はし長,Karasuma,Kyoto Cuisine,Kaiseki (Traditional Japanese),65.0,24.0,3.51,3.35,3.51,15,35.0062402331775,135.76181879988198,19.402985074626866,6.837606837606838
440,Nabetoshunsaitokyouryourikaryuu  ,鍋と旬菜と京料理 花柳,Sanjo,Kyoto Cuisine,Kaiseki (Traditional Japanese),52.0,24.0,3.48,3.35,3.33,29,35.0073991610866,135.77114936050899,15.522388059701493,7.207207207207207
441,kafeandodainingubambikarasuma  ,cafe & dining Bambi -KARASUMA-,Karasuma,Italian,Cafe,33.0,14.0,3.06,3.06,3.06,9,35.0060426990217,135.75865379405198,10.784313725490195,4.57516339869281
442,Thiemuanfonvietto  ,Tiem an HUONG VIET,Karasuma Oike,Viet Nam cuisine,Asian & ethnic cuisine (and others),42.0,14.0,3.41,3.1,3.51,50,35.0122878156377,135.76068039203,13.548387096774194,3.988603988603989
443,Kurepurikyoutoshanderu  ,クレープリー 京都シャンデレール,Karasuma,Crepes,Cafe,14.0,14.0,3.53,3.44,3.51,52,35.0044268890743,135.76087536173,4.069767441860465,3.988603988603989
444,Risutoranteazekura  ,Ristorante Azekura,Kitayama,Italian,Restaurants (other),117.0,42.0,3.07,3.08,3.07,20,35.0593189715997,135.760176492433,37.98701298701299,13.680781758957655
446,Sala Suite Caffe Rucola   ,サラ スイート カフェ ルーコラ,Shijo,Italian,Cafe,33.0,14.0,3.38,3.39,3.27,99,35.003029950606106,135.757789004585,9.734513274336283,4.281345565749236
453,Pittsusarubatorekuomoandoguriru  ,PIZZA SALVATORE CUOMO & GRILL 京都,Sanjo,Pizza,Italian,33.0,14.0,3.07,3.08,3.07,191,35.0091050735216,135.770221303486,10.714285714285714,4.5602605863192185
455,Rengetsudiya  ,蓮月茶や,Higashiyama,Tofu,Yuba,33.0,33.0,3.11,3.1,3.07,23,35.0070121745114,135.782270399171,10.64516129032258,10.749185667752444
461,Aguuru  ,あーぐうる,Karasuma Oike,Okinawan Cuisine,Izakaya (Tavern),33.0,,3.5,3.44,3.43,62,35.007209526142304,135.759082038099,9.593023255813954,
462,Yakinikunonki  ,焼肉のんき,Higashino,Yakiniku (BBQ Beef),Horumon (BBQ Offel),14.0,,3.07,3.02,3.07,22,34.9847315379008,135.817685180117,4.635761589403973,
464,Oushokuyakappa  ,欧食屋 Kappa,Shijo,Italian,Bar,42.0,,3.06,3.05,3.06,10,35.0011968806133,135.761640435789,13.77049180327869,
465,Minari  ,美菜莉,Kyoto,Korean cuisine,table d'hôte,24.0,14.0,3.05,3.04,3.05,18,34.9857923570028,135.758195320047,7.894736842105263,4.59016393442623
467,sumibisute-kisakaikyoutosanjou  ,炭火ステーキ坂井 京都三条,Karasuma Oike,Steak,Kaiseki (Traditional Japanese),117.0,14.0,3.5,3.09,3.53,14,35.0084038300335,135.758348710679,37.86407766990291,3.96600566572238
469,Byuandodainingukotoshieru  ,ビュー＆ダイニング コトシエール,Kyoto,Modern French,Italian,85.0,33.0,3.42,3.42,3.06,16,34.986715336987096,135.759520723032,24.853801169590643,10.784313725490195
470,Karin  ,花梨,Nijojo Mae,Chinese,Dandan noodles,65.0,33.0,3.51,3.28,3.51,32,35.0124527439116,135.75276732112698,19.81707317073171,9.401709401709402
471,Fujiya  ,藤や,Sanjo,Kyoto Cuisine,Kaiseki (Traditional Japanese),85.0,52.0,3.09,3.1,3.07,7,35.0092364447783,135.770016314461,27.419354838709676,16.938110749185668
474,Nikukappoubarugyugyu  ,肉割烹バル 牛牛 GYUGYU 祇園本店,Gion Shijo,Bar,Izakaya (Tavern),42.0,24.0,3.06,3.06,3.06,22,35.0044231981298,135.7773106525,13.72549019607843,7.8431372549019605
475,furenchigiombarumaruhashi  ,フレンチ祇園バル 丸橋,Gion Shijo,Bar,French,33.0,,3.54,3.54,3.14,54,35.004532821374895,135.772315506744,9.322033898305085,
476,nikubaruginjirou  ,肉バル銀次郎 烏丸御池本店,Karasuma Oike,Bar,Italian,33.0,,3.52,3.5,3.48,39,35.0111859734265,135.75496941878902,9.428571428571429,
479,Kyounishikiobanzaibyuffehinataya  ,京・錦 おばん菜ビュッフェ ひなたや,Kawaramachi,Buffet style,Kyoto Cuisine,14.0,14.0,3.03,3.03,3.0,15,35.0050709633495,135.764655562569,4.62046204620462,4.666666666666667
481,coLLabo  ,コラボ,Karasuma Oike,Cafe,Hamburger Steak,14.0,,3.27,3.11,3.18,67,35.0087508132,135.762690278581,4.501607717041801,
483,Ryuuan  ,りゅう庵,Gion Shijo,Yakiniku (BBQ Beef),Japanese food (other),65.0,14.0,3.22,3.06,3.41,15,35.0047033612946,135.772464653172,21.241830065359476,4.105571847507331
485,Resutoranrejina  ,レストラン レジーナ,Kyoto,Western Food (Other),Buffet style,,14.0,3.03,3.0,3.04,11,34.988086527367,135.756552573071,,4.605263157894737
489,Yakinikuyoshimi  ,焼肉 嘉,Jingu Marutamachi,Yakiniku (BBQ Beef),Steak,85.0,14.0,3.58,3.59,3.39,18,35.0173827235779,135.769612073443,23.676880222841227,4.129793510324483
490,sute-kihausupondo  ,ステーキハウス 听 本店,Marutamachi,Steak,Hamburger Steak,42.0,14.0,3.2,3.2,3.07,41,35.014871765185,135.759256393056,13.125,4.5602605863192185
501,Kyoutosakagurakan  ,京都酒蔵館,Shijo,Izakaya (Tavern),Bar,33.0,24.0,3.25,3.15,3.21,8,35.001393747105496,135.758383197238,10.476190476190476,7.4766355140186915
502,Sutekihanasato  ,ステーキ花郷 祇園店,Gion Shijo,Steak,Teppanyaki,235.0,65.0,3.17,3.06,3.33,5,35.0057496936379,135.775634619509,76.79738562091504,19.51951951951952
503,Tawaterasu  ,タワーテラス,Kyoto,Buffet style,Kaiseki (Traditional Japanese),42.0,24.0,3.35,3.09,3.5,29,34.9875874625536,135.75932764335698,13.592233009708739,6.857142857142857
504,Gionshimbashinakatani  ,祇園新橋 中谷,Gion Shijo,Kyoto Cuisine,Kaiseki (Traditional Japanese),85.0,33.0,3.56,3.55,3.31,8,35.0059698378736,135.774428780362,23.943661971830988,9.969788519637461
505,Orudohonkonresutorankyouto  ,老香港酒家京都,Shijo,Chinese,Cantonese Cuisine,117.0,14.0,3.88,4.04,3.61,148,35.003150238815195,135.759122777166,28.96039603960396,3.878116343490305
506,Okonomiyakitsuruhashifuugetsu  ,お好み焼き 鶴橋風月 京都ヨドバシ店,Kyoto,Izakaya (Tavern),Okonomiyaki,14.0,,3.09,3.07,3.09,21,34.9882082257195,135.75911179936898,4.5602605863192185,
507,Yakinikuyaruki  ,焼肉やる気 四条河原町店,Gion Shijo,Yakiniku (BBQ Beef),Steak,24.0,14.0,3.07,3.08,3.06,29,35.003673132593306,135.770841270236,7.792207792207792,4.57516339869281
508,trattoria sette  ,トラットリア セッテ ハイアット リージェンシー 京都,Shichijo,Italian,Pizza,52.0,24.0,3.57,3.55,3.52,112,34.9885256615719,135.773285885375,14.647887323943662,6.818181818181818
509,Kurosuke  ,くろすけ,Kitano Hakubaicho,Tofu,Yuba,65.0,33.0,3.09,3.08,3.08,26,35.030690044604,135.737293541279,21.103896103896105,10.714285714285714
512,Kenzoesuteitowainarigionten  ,ケンゾーエステイトワイナリー 祇園店,Gion Shijo,Italian,Wine bar,85.0,33.0,3.61,3.62,3.1,18,35.0041894378747,135.774262180344,23.480662983425415,10.64516129032258
513,Osteria Bastille  ,オステリア・バスティーユ,Karasuma,Italian,French,42.0,14.0,3.42,3.2,3.49,86,35.0062257722612,135.76078721955798,13.125,4.011461318051576
514,IN THE GREEN  ,イン・ザ・グリーン,Kitayama,Italian,Pizza,33.0,14.0,3.52,3.41,3.54,101,35.0508266183908,135.764285708834,9.67741935483871,3.9548022598870056
515,Ajoiichanchi  ,agio.iichan.chi,Fushimi Momoyama,Dining bar,Cafe,24.0,,3.08,3.03,3.11,40,34.9331000107658,135.762392397532,7.920792079207922,
517,burassuri-kontowa-ru  ,ブラッスリー・コントワール,Nishioji,Izakaya (Tavern),Bistro,33.0,,3.53,3.53,3.38,16,34.9806968970149,135.732464636026,9.34844192634561,
519,Manchou  ,萬長,Myoshinji,Kyoto Cuisine,Kaiseki (Traditional Japanese),42.0,24.0,3.07,3.05,3.07,12,35.0259283001596,135.719840407183,13.77049180327869,7.817589576547232
520,Risutoranteoraegion  ,リストランテ オラエ祇園,Gion Shijo,Italian,Pasta,117.0,42.0,3.59,3.59,3.06,13,35.0057343764294,135.773283426592,32.590529247910865,13.72549019607843
523,Occobe.  ,オッコベー,Higashiyama,Italian,Pasta,33.0,,3.0,3.0,3.0,7,35.0093065901891,135.778770584191,11.0,
525,Cafe Restaurant Le Temps  ,ル・タン,Kyoto,Buffet style,Cafe,52.0,24.0,3.46,3.26,3.5,129,34.9860776286519,135.759591302087,15.950920245398773,6.857142857142857
528,kyoutofushimigurapontochouminamian  ,京都伏見蔵 先斗町 南庵,Gion Shijo,Izakaya (Tavern),Japanese food (other),42.0,14.0,3.0,3.0,3.05,4,35.0049177583206,135.771062815279,14.0,4.59016393442623
533,Tenkanoyakinikudaishougun  ,天下の焼肉 大将軍 京都駅前店,Kyoto,Yakiniku (BBQ Beef),Korean cuisine,33.0,,3.05,3.05,3.04,19,34.987467745019806,135.758862965239,10.819672131147541,
534,Kameya  ,かめや 西店,Saiin,Crab,Fugu (Blowfish),42.0,24.0,3.02,3.0,3.03,10,35.0037832955078,135.731258950996,14.0,7.920792079207922
536,Chishokufu  ,知食府,Emmachi,Chinese,Sichuan Cuisine,24.0,,3.06,3.03,3.06,9,35.0172235312682,135.731640800471,7.920792079207922,
538,Kasuian  ,花水庵,Higashiyama,Kyoto Cuisine,Kaiseki (Traditional Japanese),65.0,33.0,3.06,3.06,3.04,7,35.004593686488,135.78030276253799,21.241830065359476,10.855263157894736
539,Mimasuyamonami  ,ミマスヤ モナミ,Kawaramachi,Creative cuisine,Kyoto Cuisine,42.0,14.0,3.49,3.42,3.48,18,35.0006804052778,135.76943147919,12.280701754385966,4.022988505747127
540,Juunikiyakan  ,十二季家 歓 京都店,Kyoto,Izakaya (Tavern),Kyoto Cuisine,24.0,,3.06,3.06,3.0,31,34.9835165292173,135.760479679558,7.8431372549019605,
543,Cafe Lavender  ,カフェ ラベンダー,Nijo,Buffet style,Izakaya (other),14.0,14.0,3.04,3.04,3.02,2,35.0150178405933,135.742204191403,4.605263157894737,4.635761589403973
548,Hisa  ,長崎ちゃんぽん・皿うどん専門店 尚 ,Emmachi,Champon Noodle,Ramen,14.0,,3.38,3.06,3.38,24,35.018408551174396,135.724134147115,4.57516339869281,
550,Hikohachi  ,彦八,Gion Shijo,Sushi,Seafood,52.0,14.0,3.04,3.04,3.04,7,35.000418626906,135.777336112542,17.105263157894736,4.605263157894737
552,FORTUNE GARDEN KYOTO  ,フォーチュンガーデンキョウト,Kyoto Shiyakusho Mae,Bistro,Western Cuisine,42.0,14.0,3.59,3.58,3.56,107,35.012517460640396,135.768751823969,11.731843575418994,3.932584269662921
555,Heso  ,へそ 京都駅前店,Kyoto,Standing style soba,Izakaya (Tavern),14.0,,3.35,3.33,3.08,54,34.989081484486796,135.760190280706,4.2042042042042045,
556,Kyounozenkuruma  ,京の禅 車 四条烏丸店,Shijo,Izakaya (Tavern),Yakitori (Grilled chicken),42.0,14.0,3.52,3.35,3.54,42,35.001915987833904,135.762640597394,12.53731343283582,3.9548022598870056
559,Norakuro  ,まちかどマルシェ Norakuro,Nishioji,Italian,Bistro,33.0,14.0,3.06,3.06,3.06,10,34.9868846343161,135.736232371555,10.784313725490195,4.57516339869281
562,Gioniwamoto  ,祇園　岩元,Gion Shijo,Kyoto Cuisine,Kappo (Traditional Japanese),117.0,42.0,3.63,3.54,3.68,18,35.002629186640895,135.7752089652,33.05084745762712,11.41304347826087
565,Seichuuan  ,聖宙庵,Mototanaka,French,Western Food (Other),52.0,33.0,3.04,3.0,3.05,16,35.0234566833485,135.791238063938,17.333333333333332,10.819672131147541
568,Toriseetakoyakushiten  ,鳥せゑ 蛸薬師店,Karasuma,Yakitori (Grilled chicken),Izakaya (Tavern),33.0,,3.04,3.0,3.06,13,35.0060560797894,135.761451338878,11.0,
571,Unkai  ,雲海,Nijojo Mae,Kaiseki (Traditional Japanese),Sushi,85.0,33.0,3.18,3.04,3.35,28,35.0126132859341,135.752975629768,27.960526315789473,9.850746268656716
574,Shimogamosaryou  ,下鴨茶寮 本店,Demachiyanagi,Kaiseki (Traditional Japanese),Kyoto Cuisine,165.0,85.0,3.61,3.16,3.65,72,35.0341194079277,135.773971784747,52.21518987341772,23.28767123287671
575,Kifunekiraku  ,貴船喜らく,Kurama,Kaiseki (Traditional Japanese),Kyoto Cuisine,117.0,33.0,3.52,3.51,3.08,23,35.121465435077,135.763333646673,33.333333333333336,10.714285714285714
576,Nikuyasuzu  ,肉や すず,Shichijo,Yakiniku (BBQ Beef),Horumon (BBQ Offel),33.0,14.0,3.06,3.05,3.05,5,34.9891627269843,135.768209610961,10.819672131147541,4.59016393442623
577,KITAYAMA MONOLITH  ,北山モノリス,Shugakuin,Kaiseki (Traditional Japanese),Kyoto Cuisine,65.0,33.0,3.06,3.06,3.05,22,35.053202378524105,135.790545640787,21.241830065359476,10.819672131147541
578,Watanabe  ,ローストビーフの店 ワタナベ ,Nijojo Mae,Beef dishes,French,52.0,52.0,3.54,3.54,3.04,15,35.0106682253045,135.753496787151,14.689265536723164,17.105263157894736
580,hamba-guandosute-kipondo  ,ハンバーグ＆ステーキ 听 梅小路店,Tambaguchi,Hamburger Steak,Steak,14.0,14.0,3.06,3.06,3.05,28,34.9893381057758,135.7432611193,4.57516339869281,4.59016393442623
581,Gempinfugukyoutoekimaenoseki  ,玄品ふぐ 京都駅前の関,Kyoto,Fugu (Blowfish),Hot Pot (other),42.0,33.0,3.07,3.03,3.07,6,34.9882018600231,135.760400581518,13.861386138613863,10.749185667752444
586,Kyouhorumonkura  ,京ホルモン 蔵 四条寺町店,Kawaramachi,Yakiniku (BBQ Beef),Horumon (BBQ Offel),33.0,,3.04,3.04,3.03,16,35.0035175580113,135.766923779049,10.855263157894736,
588,Buraitonkicchin  ,ブライトンキッチン,Keihan Yamashina,Buffet style,Western Cuisine,24.0,24.0,3.16,3.14,3.07,23,34.9914324974048,135.81667325933398,7.643312101910828,7.817589576547232
591,Kihara  ,きはら,Marutamachi,Yakiniku (BBQ Beef),Horumon (BBQ Offel),42.0,,3.15,3.15,3.05,15,35.014500405906404,135.758677569336,13.333333333333334,
592,Kamon  ,花門-kamon-,Kawaramachi,Italian,Bar,33.0,14.0,3.31,3.31,3.06,20,35.000848950131,135.766670311855,9.969788519637461,4.57516339869281
593,Mew’z cafe  ,ミューズ カフェ,Kyoto Shiyakusho Mae,Dining bar,Thailand cooking,24.0,,3.06,3.02,3.06,19,35.0140803189745,135.767031061588,7.947019867549669,
598,chuugokuryourikoukaryuuhou  ,中国料理 皇家龍鳳,Kyoto,Chinese,Dim sum,65.0,33.0,3.31,3.26,3.17,16,34.986018067405,135.752539668245,19.938650306748468,10.410094637223976
600,Kaiseitei  ,開晴亭 北山店,Kitayama,French,Italian,42.0,24.0,3.39,3.08,3.37,36,35.0511669200994,135.767739572989,13.636363636363637,7.121661721068249
604,Toto  ,魚源,Nishi Maizuru,Seafood,Sushi,42.0,14.0,3.22,3.12,3.21,13,35.443161202914,135.32816914224702,13.461538461538462,4.361370716510904
605,Ganko  ,がんこ 高瀬川二条苑,Kyoto Shiyakusho Mae,Kaiseki (Traditional Japanese),Shabu Shabu (Japanese Steamboat),52.0,33.0,3.52,3.51,3.32,79,35.0127699701935,135.77084497183998,14.814814814814815,9.93975903614458
606,PASTA MORE  ,パスタモーレ 京都駅店,Kyoto,Italian,French,24.0,14.0,3.0,3.06,3.0,77,34.9846169425753,135.759077245365,7.8431372549019605,4.666666666666667
608,wagyuuyakinikutoku  ,和牛焼肉 徳,Sanjo,Yakiniku (BBQ Beef),Korean cuisine,65.0,14.0,3.53,3.53,3.2,29,35.0063420782855,135.772658172762,18.41359773371105,4.375
610,Tsukinokurabito  ,月の蔵人,Fushimi Momoyama,Kappo (Traditional Japanese),Dining bar,33.0,14.0,3.5,3.35,3.46,110,34.9305938797046,135.761806728228,9.850746268656716,4.046242774566474
612,Zekuu  ,是空,Imadegawa,Ramen,Boneless deep-fried chicken,,,3.34,3.14,3.3,39,35.0295781322478,135.75264459839,,
615,Al Vere  ,アルヴェーレ,Momoyamagoryomae,Italian,Pasta,33.0,,3.0,3.0,3.01,6,34.933229537916695,135.764975879634,11.0,
616,Nijoukiduki  ,二條 葵月,Kyoto Shiyakusho Mae,Sushi,Creative cuisine,65.0,14.0,3.57,3.54,3.55,27,35.0135911599358,135.764472407717,18.361581920903955,3.943661971830986
619,kibunebeniya  ,貴船べにや,Kurama,Kaiseki (Traditional Japanese),Kyoto Cuisine,65.0,65.0,3.54,3.34,3.51,30,35.116795617302195,135.761073216075,19.46107784431138,18.51851851851852
622,Bussarakan  ,佛沙羅館,Kiyomizu Gojo,Thailand cooking,Creative cuisine,42.0,14.0,3.14,3.07,3.24,56,34.999757442616804,135.769097938274,13.680781758957655,4.320987654320987
624,Noukoutoripaitanramemmisora  ,濃厚鶏白湯ラーメン 美空,Kawaramachi,Ramen,Tsukemen,,,3.09,3.06,3.09,20,35.0012841378747,135.768565480319,,
625,Yakinikutoraji  ,焼肉トラジ 京都店,Kyoto,Yakiniku (BBQ Beef),Horumon (BBQ Offel),52.0,14.0,3.13,3.05,3.25,39,34.9882521084398,135.75902735991698,17.049180327868854,4.3076923076923075
626,Ganko  ,がんこ 京都駅ビル店,Kyoto,Kaiseki (Traditional Japanese),Japanese food (other),33.0,14.0,3.18,3.1,3.18,50,34.985997360279605,135.759638246329,10.64516129032258,4.40251572327044
627,Sajjoupakuchi  ,三条パクチー,Kyoto Shiyakusho Mae,Thailand cooking,Izakaya (Tavern),24.0,,3.52,3.5,3.49,99,35.009009741540105,135.76653439185,6.857142857142857,
628,Gionhatanaka  ,祇園畑中,Gion Shijo,Ryokan,Kyoto Cuisine,117.0,52.0,3.65,3.65,3.54,22,35.0023273381457,135.778853676405,32.054794520547944,14.689265536723164
634,Yukinoshita  ,雪ノ下 京都本店,Nijojo Mae,Pancake,Shaved ice (snow cone),14.0,14.0,3.58,3.13,3.58,131,35.0084717971417,135.753701315737,4.472843450479234,3.910614525139665
639,Ristorante t.v.b  ,リストランテ ティ ヴォリオ ベーネ,Gion Shijo,Italian,Wine bar,165.0,52.0,3.67,3.64,3.62,121,35.0024586542841,135.775492838365,45.32967032967033,14.3646408839779
643,Ebisu  ,恵比朱,Kyoto,Ramen,Chinese,,,3.51,3.48,3.17,125,34.9879265422866,135.760671004052,,
645,matono  ,まとの,Gion Shijo,Kappo (Traditional Japanese),Kaiseki (Traditional Japanese),117.0,42.0,3.72,3.63,3.72,69,35.001565480173305,135.779138965567,32.231404958677686,11.29032258064516
646,Shiunsen  ,紫雲仙,Kyoto Shiyakusho Mae,Soba,Kappo (Traditional Japanese),33.0,14.0,3.53,3.28,3.52,40,35.0101610034653,135.766315468137,10.060975609756099,3.977272727272727
648,Kidoriya  ,季鶏屋,Kyoto,Izakaya (Tavern),Yakitori (Grilled chicken),24.0,,3.0,3.06,3.0,12,34.988058244401,135.759262904836,7.8431372549019605,
649,Kumamotosougouinshokutemmao  ,隈本総合飲食店 MAO,Karasuma,Bar,Cafe,33.0,,3.25,3.06,3.46,35,35.0053475358147,135.76095613485,10.784313725490195,
650,shijoupakuchi-  ,四条パクチー,Shijo,Thailand cooking,Izakaya (Tavern),24.0,,3.34,3.21,3.3,52,35.0038231679774,135.756007449356,7.4766355140186915,
652,Kyoutotsuyushabuchiriri  ,京都つゆしゃぶCHIRIRI 本店,Marutamachi,Shabu Shabu (Japanese Steamboat),Sukiyaki,65.0,24.0,3.51,3.36,3.51,25,35.018079837860604,135.757863280496,19.345238095238095,6.837606837606838
658,nihonryourisakuragawa  ,日本料理 櫻川,Kyoto Shiyakusho Mae,Kaiseki (Traditional Japanese),Kappo (Traditional Japanese),235.0,85.0,3.89,3.71,3.97,61,35.0121764197554,135.770683901434,63.342318059299195,21.41057934508816
659,Sushikawano  ,鮨 かわの,Kitaoji,Sushi,Seafood,235.0,85.0,3.59,3.58,3.59,16,35.0442106378469,135.766850980753,65.64245810055866,23.676880222841227
660,Mameyagenzou  ,豆屋源蔵,Kyoto Shiyakusho Mae,Kyoto Cuisine,Tofu,65.0,33.0,3.38,3.37,3.08,21,35.0122103048116,135.770671956423,19.287833827893174,10.714285714285714
661,chuukasobatakayasu  ,中華そば 高安,Ichijoji,Ramen,Boneless deep-fried chicken,,,3.59,3.58,3.59,713,35.0450520454606,135.785180350519,,
663,cafe Cento Cento  ,カフェ チェントチェント 京都駅店,Kyoto,Cafe,Pasta,24.0,14.0,3.0,3.08,3.0,84,34.9859890277939,135.75963574692,7.792207792207792,4.666666666666667
665,Teuchisobaminagawa  ,手打ち蕎麦みながわ 京・御池,Karasuma Oike,Soba,Izakaya (Tavern),14.0,14.0,3.17,3.03,3.17,9,35.011098784046105,135.756315699884,4.62046204620462,4.416403785488959
666,Kerara  ,ケララ,Kyoto Shiyakusho Mae,India cuisine,Indian curry,24.0,14.0,3.22,3.08,3.38,56,35.009862745087396,135.768780277167,7.792207792207792,4.1420118343195265
667,Maribu  ,marib,Shijo,Dining bar,Bar,,,3.07,3.03,3.07,32,35.0026700483595,135.761181517186,,
670,Shunsaitempuraarima  ,旬菜 天ぷら 有馬,Shijo,Fried Foods (other),Kappo (Traditional Japanese),42.0,14.0,3.25,3.08,3.41,22,35.0002149211369,135.75805652094,13.636363636363637,4.105571847507331
671,Kitanoguriru  ,北野グリル イオンモールKYOTO店,Kyoto,Hamburger Steak,Croquette,14.0,14.0,3.09,3.04,3.09,17,34.983286733945,135.754890432103,4.605263157894737,4.53074433656958
675,Kaiuntei  ,海雲亭 洛西店,Katsura,Yakiniku (BBQ Beef),Korean cuisine,33.0,,3.19,3.09,3.31,11,34.9772466378647,135.689055880132,10.679611650485437,
682,Roko  ,露瑚,Kyoto Shiyakusho Mae,Kappo (Traditional Japanese),Kaiseki (Traditional Japanese),52.0,14.0,3.26,3.18,3.18,21,35.0121633023603,135.771073951954,16.352201257861633,4.40251572327044
683,kafeandopanke-kiguramu  ,カフェ&パンケーキ gram 京都錦店,Karasuma,Cafe,Pancake,14.0,14.0,3.03,3.02,3.03,13,35.0051575778876,135.762201595716,4.635761589403973,4.62046204620462
684,Kyouryouritakeshimaichigo  ,京料理 竹島 ICHIGO,Kyoto Shiyakusho Mae,Kyoto Cuisine,Kaiseki (Traditional Japanese),65.0,24.0,3.07,3.05,3.08,10,35.011814792603396,135.77073169189302,21.311475409836067,7.792207792207792
685,Kiyomizujunsei  ,清水 順正 おかべ家,Kiyomizu Gojo,Tofu,Yuba,24.0,24.0,3.31,3.17,3.31,82,34.9956936434902,135.78115767937402,7.570977917981073,7.2507552870090635
686,Kokekokko  ,こけこっこ,Kyoto,Izakaya (Tavern),Steak,42.0,14.0,3.05,3.0,3.08,70,34.9858528926153,135.757424270184,14.0,4.545454545454545
688,Daniel's  ,ダニエルズ,Karasuma,Italian,Pasta,33.0,14.0,3.26,3.07,3.5,108,35.0049276065708,135.762435475769,10.749185667752444,4.0
689,Kyounojidoriyaaki  ,京のじどり屋 晃,Kawaramachi,Izakaya (Tavern),Yakitori (Grilled chicken),33.0,,3.06,3.05,3.05,8,35.0053183648418,135.76652818631,10.819672131147541,
690,Rozurumu  ,ローズルーム,Nijojo Mae,French,Western Cuisine,85.0,24.0,3.17,3.12,3.1,23,35.0126699444786,135.752857581408,27.24358974358974,7.741935483870967
691,ottimo  ,オッティモ,Marutamachi,Italian,Pasta,42.0,14.0,3.48,3.08,3.53,22,35.01341746717819,135.758734558909,13.636363636363637,3.96600566572238
692,Kunseimaketto  ,燻製マーケット,Higashino,Cafe,Western Food (Other),24.0,,3.33,3.06,3.33,12,34.9787377721628,135.818278154979,7.8431372549019605,
693,Miyakohanten  ,都飯店,Kuzuha,Chinese,Ramen,14.0,,3.2,3.11,3.28,62,34.85302186762,135.696394898894,4.501607717041801,
696,Ishiyakinamapasutakuranosuke  ,石焼生パスタ 蔵之助,Katsura,Pasta,Italian,14.0,14.0,3.08,3.06,3.09,35,34.9742813567525,135.69405478801,4.57516339869281,4.53074433656958
697,Buruvaru  ,ブールヴァール,Kyoto,Buffet style,Teppanyaki,42.0,24.0,3.08,3.09,3.06,39,34.987382119482305,135.757851331821,13.592233009708739,7.8431372549019605
698,ORENO PAN okumura  ,オレノ パン オクムラ 祇園店,Gion Shijo,Bread,Cafe,14.0,,3.56,3.32,3.56,68,35.004104819643004,135.772776043758,4.216867469879518,
699,Osuteriakochinerra  ,オステリア・コチネッラ,Shijo,Italian,Wine bar,65.0,14.0,3.53,3.52,3.16,19,35.0011874626133,135.76309670416902,18.46590909090909,4.430379746835443
700,Sumibiyakinikugyuugyuutei  ,牛々亭,Sai,Yakiniku (BBQ Beef),Horumon (BBQ Offel),42.0,14.0,3.03,3.03,3.0,21,34.996404672419,135.733098582388,13.861386138613863,4.666666666666667
702,karubidontosundoufusemmontenkandon  ,カルビ丼とスン豆腐専門店 韓丼 新堀川本店,Fushimi,Korean cuisine,Ramen,,,3.33,3.29,3.2,78,34.9460223376917,135.752099879579,,
706,yakinikushokudoukandon  ,焼肉食堂 韓丼 京都八幡店,Matsuiyamate,Yakiniku (BBQ Beef),Korean cuisine,14.0,,3.07,3.06,3.07,10,34.8563873059014,135.710289145583,4.57516339869281,
708,Harise  ,はり清,Kiyomizu Gojo,Kaiseki (Traditional Japanese),Kyoto Cuisine,117.0,52.0,3.6,3.59,3.58,31,34.994708569611696,135.770896076954,32.590529247910865,14.525139664804469
712,Norumandhi  ,ノルマンディー 河原町店 ,Kyoto Shiyakusho Mae,French,Mediterranean,65.0,24.0,3.55,3.54,3.29,38,35.010417142400605,135.769476860457,18.361581920903955,7.2948328267477205
715,Kaosusupaisudaina  ,カオス スパイス ダイナー,Kyoto Shiyakusho Mae,Curry (other),Dining bar,14.0,14.0,3.35,3.06,3.35,36,35.007849877303,135.767204389609,4.57516339869281,4.17910447761194
716,Erushimmachi  ,エール新町,Shijo,French,Italian,52.0,24.0,3.44,3.4,3.09,15,35.0015781443615,135.756810819334,15.294117647058824,7.766990291262136
717,Ginzaraion  ,銀座ライオン 京都アバンティ店,Kyoto,Beer,beer restaurant,33.0,,3.08,3.07,3.09,30,34.983592074198796,135.76033691016002,10.749185667752444,
718,kyouyakinikukikyou  ,京焼肉 ききょう,Karasuma Oike,Yakiniku (BBQ Beef),Izakaya (Tavern),52.0,,3.24,3.2,3.11,33,35.0088335157469,135.75888975707198,16.25,
719,Robatasushihotaru  ,炉端・鮨　蛍,Karasuma Oike,Robatayaki,Seafood,42.0,,3.38,3.29,3.22,40,35.0086715534028,135.758973836508,12.76595744680851,
720,nikubaruginjirou  ,肉バル銀次郎 京都駅前東店,Kyoto,Bar,Italian,33.0,,3.44,3.31,3.29,32,34.9891442695895,135.760994099947,9.969788519637461,
722,Arashiyamamitate  ,嵐山MITATE,Arashiyama,French,Kyoto Cuisine,117.0,52.0,3.66,3.61,3.6,30,35.0151700502421,135.678805560756,32.40997229916898,14.444444444444445
725,Kyoutomamehachi  ,京都豆八,Gion Shijo,Kyoto Cuisine,Tofu,42.0,14.0,3.08,3.06,3.11,22,35.005103571497806,135.771046696951,13.72549019607843,4.501607717041801
726,Garejisankyukafe  ,ガレージ サンキューカフェ,Uzumasa Tenjingawa,Cafe,Izakaya (other),24.0,24.0,3.03,3.03,3.0,7,35.0138716760388,135.716223346325,7.920792079207922,8.0
731,Ranka  ,Lanka,Kawaramachi,Bistro,French,65.0,24.0,3.58,3.58,3.58,48,35.0041686153007,135.767829229431,18.156424581005588,6.70391061452514
733,Ramenhikosaku  ,らーめん　彦さく,Imadegawa,Ramen,Dumplings,,,3.51,3.4,3.45,62,35.029680540364105,135.748011367353,,
734,Shunsaisousakubifferoan  ,露菴 京都八幡店,Yawatashi,Buffet style,Shabu Shabu (Japanese Steamboat),24.0,14.0,3.0,3.05,3.0,21,34.8613317379472,135.717111978941,7.868852459016394,4.666666666666667
736,Tankumakitamise  ,たん熊北店 本店,Kawaramachi,Kyoto Cuisine,Kaiseki (Traditional Japanese),235.0,65.0,3.59,3.52,3.62,74,35.0052360395964,135.770031497391,66.76136363636364,17.955801104972377
738,Tempurakawatatsu  ,天ぷら 川辰,Katsuragawa,Tempura,Kaiseki (Traditional Japanese),52.0,33.0,3.56,3.32,3.61,40,34.9649628122864,135.720321924459,15.66265060240964,9.141274238227147
740,Ryuumon  ,龍門 百万遍店,Mototanaka,Sichuan Cuisine,Dim sum,24.0,,3.08,3.08,3.08,26,35.0284157584058,135.784554779548,7.792207792207792,
745,Arashiyamakohakudou  ,嵐山 琥珀堂,Arashiyama,French,Cafe,24.0,14.0,3.07,3.01,3.08,27,35.0179455368515,135.676372408388,7.9734219269103,4.545454545454545
748,Shusaishokubouichi  ,酒菜食房いち,Shijo,Kyoto Cuisine,Kaiseki (Traditional Japanese),52.0,14.0,3.22,3.14,3.18,50,35.0043758971916,135.756611818158,16.560509554140125,4.40251572327044
749,supeimbarurapaera  ,スペインバル ラパエラ,Matsugasaki,Spain,Bar,33.0,14.0,3.28,3.18,3.23,10,35.0514792809741,135.77759012940902,10.377358490566037,4.3343653250774
753,Kyoutogionkawamuraryourihei  ,京都祇園 川村 料理平 祇園北側店,Gion Shijo,Kyoto Cuisine,Kaiseki (Traditional Japanese),52.0,24.0,3.0,3.0,3.06,3,35.005227531672205,135.775886844825,17.333333333333332,7.8431372549019605
755,Giommikaku  ,祇園みかく,Gion Shijo,Steak,Sukiyaki,165.0,165.0,3.1,3.1,3.01,21,35.0051385440526,135.772653102439,53.225806451612904,54.81727574750831
756,Enyanishiki  ,円屋 錦,Karasuma,Izakaya (Tavern),Oden,33.0,,3.12,3.06,3.22,37,35.005518623994,135.76282280641,10.784313725490195,
758,Menshoutakamatsu  ,麺匠 たか松 四条店,Karasuma,Ramen,Tsukemen,,,3.07,3.06,3.07,34,35.0034213566254,135.761166483843,,
765,Nishikiichiha  ,錦一葉,Kawaramachi,Café / coffee shop (and others),Sweets,14.0,14.0,3.46,3.08,3.43,44,35.004997661726605,135.766022119118,4.545454545454545,4.081632653061225
767,Haiborubakyoutoichikyunisan  ,ハイボールバー　京都1923,Gion Shijo,Izakaya (other),Bar,24.0,14.0,3.32,3.32,3.07,38,35.0036689978727,135.77076928603998,7.228915662650603,4.5602605863192185
768,Washokumai  ,和食 舞,Kyoto,Tempura,Sushi,33.0,14.0,3.0,3.0,3.0,9,34.983868728672,135.761332925814,11.0,4.666666666666667
770,nikubaruandohorumonnabetaigu  ,肉バル＆ホルモン鍋TAIGU,Kyoto Shiyakusho Mae,Bar,Motsu Nabe (Offel Hot Pot),33.0,14.0,3.04,3.03,3.03,2,35.0116789722693,135.770644205412,10.891089108910892,4.62046204620462
773,Chikurin  ,竹林 本店,Uji,Kyoto Cuisine,Kaiseki (Traditional Japanese),85.0,33.0,3.04,3.04,3.01,5,34.8854298668158,135.796201506731,27.960526315789473,10.963455149501662
774,Satsumayakinikukurozakurakurozakura  ,薩摩焼肉　黒桜,Uji,Yakiniku (BBQ Beef),Horumon (BBQ Offel),42.0,14.0,3.42,3.42,3.06,13,34.8829227139108,135.800720135782,12.280701754385966,4.57516339869281
776,Hairaitoshiyokudou  ,ハイライト食堂 御池店,Yamanouchi,table d'hôte,Western Cuisine,,,3.08,3.05,3.08,41,35.010798916133,135.72305034066602,,
777,Kikusui  ,菊水,Gion Shijo,Western Cuisine,French,33.0,14.0,3.18,3.07,3.33,82,35.0039806574997,135.772274702222,10.749185667752444,4.2042042042042045
778,Kimukatsu  ,キムカツ 京都烏丸店,Shijo,Tonkatsu (Pork cutlet),Sandwich,14.0,14.0,3.08,3.07,3.08,86,35.0031524608191,135.759123888083,4.5602605863192185,4.545454545454545
781,Sumibiyakitorikajian  ,炭火やきとり　かじ庵,Nagaokakyo,Yakitori (Grilled chicken),Shochu (Japanese spirits),24.0,,3.03,3.0,3.04,8,34.9226045379028,135.699804179572,8.0,
784,Isobe  ,いそべ 本店,Higashiyama,Kaiseki (Traditional Japanese),Kyoto Cuisine,65.0,33.0,3.06,3.06,3.0,12,35.0029763063521,135.782180189157,21.241830065359476,11.0
785,Sukairaunjikuu  ,スカイラウンジ「空」KUU,Kyoto,Bar,Lounge,24.0,,3.09,3.09,3.03,56,34.9875874625536,135.75932764335698,7.766990291262136,
786,Kaiuntei  ,海雲亭 槙島店,Ogura,Yakiniku (BBQ Beef),Korean cuisine,33.0,14.0,3.05,3.03,3.06,19,34.905817471831696,135.783932142574,10.891089108910892,4.57516339869281
787,Honkedaiichiasahi  ,本家 第一旭 たかばし本店,Kyoto,Ramen,Dumplings,,,3.6,3.59,3.6,1319,34.9866951135566,135.762508253626,,
789,Hisago  ,ひさご,Gion Shijo,Oyako-don (Chicken Bowl),Soba,,,3.54,3.34,3.53,180,35.0006025215866,135.778793760794,,
794,Ajinomeimon  ,味の名門 総本家,Tambaguchi,Ramen,Dumplings,,,3.19,3.13,3.09,55,34.9907884382837,135.73937276433998,,
795,Nagagutsutei  ,ながぐつ亭 本店,Jingu Marutamachi,Pasta,Pizza,33.0,24.0,3.0,3.08,3.0,21,35.0152739592173,135.776008038876,10.714285714285714,8.0
799,Gionyuyama  ,祇園ゆやま,Sanjo Keihan,Kaiseki (Traditional Japanese),Kappo (Traditional Japanese),85.0,52.0,3.51,3.51,3.52,23,35.00565611082239,135.776681481321,24.216524216524217,14.772727272727273
802,Susumevaikingubaikingu  ,すすめ！ヴァイキング 京都八幡店,Yawatashi,Buffet style,Yakiniku (BBQ Beef),24.0,14.0,3.03,3.0,3.04,21,34.8640014281627,135.722566386502,8.0,4.605263157894737
803,Jounanen  ,城南園,Takeda,Chinese,Bento (Lunch box),24.0,,3.15,3.05,3.15,25,34.947410408299305,135.74555869225202,7.868852459016394,
805,Shourenkanyoshinoya  ,昭恋館 よ志のや,  Kyotango,Ryokan,Crab,282.0,117.0,3.55,3.56,3.51,24,35.7353030921031,135.094283726773,79.21348314606742,33.333333333333336
806,pino  ,Trattoria Pino,Matsugasaki,Italian,Cafe,33.0,14.0,3.07,3.08,3.07,48,35.051766712528,135.775431684322,10.714285714285714,4.5602605863192185
809,Koudaijihashiba  ,高台寺羽柴,Gion Shijo,Kyoto Cuisine,Tempura,24.0,24.0,3.23,3.07,3.23,31,35.0006616989386,135.779767843839,7.817589576547232,7.430340557275541
810,Ryuunohige  ,龍のひげ,Kyoto Shiyakusho Mae,Kyoto Cuisine,French,52.0,33.0,3.7,3.74,3.54,70,35.0102810436345,135.769350210574,13.90374331550802,9.322033898305085
811,nikutowaimbaruwaraku  ,肉とワイン バルワラク,Kyoto,Bar,Spain,33.0,,3.52,3.51,3.3,26,34.989430054661,135.759981115362,9.401709401709402,
812,Kyoutogontaro  ,京都 権太呂 本店,Kawaramachi,Udon Suki,Soba,52.0,14.0,3.59,3.51,3.59,151,35.004389660549606,135.76541219776502,14.814814814814815,3.8997214484679668
814,Kirarazaka  ,きらら坂,Matsuiyamate,Izakaya (Tavern),Creative cuisine,33.0,14.0,3.08,3.0,3.12,8,34.830963986712,135.730349761198,11.0,4.487179487179487
815,Ryuumon  ,龍門 岡崎店,Higashiyama,Chinese,Sichuan Cuisine,24.0,,3.09,3.05,3.15,36,35.0140770189293,135.78481930665,7.868852459016394,
818,Giwommorikou  ,ぎをん森幸,Higashiyama,Cantonese Cuisine,Dim sum,42.0,14.0,3.5,3.37,3.4,37,35.0076426054926,135.778998975169,12.462908011869436,4.11764705882353
819,Sakaguratamanohikari  ,酒蔵玉乃光,Karasuma,Izakaya (Tavern),Mizutaki,24.0,,3.05,3.05,3.03,6,35.0027023136723,135.76384601663602,7.868852459016394,
821,Teppen  ,テッペン。,Momoyamagoryomae,Okonomiyaki,Chow Mein Noodle,14.0,,3.06,3.09,3.0,11,34.9351298049022,135.763036139502,4.53074433656958,
822,Nijou  ,二条,Nijojo Mae,Teppanyaki,Steak,85.0,33.0,3.06,3.05,3.06,16,35.0124527439117,135.75276732112602,27.868852459016395,10.784313725490195
823,Giwontokiwa  ,ぎをん 常盤,Sanjo Keihan,Soba,Udon,14.0,14.0,3.6,3.6,3.52,106,35.0057197060829,135.776163465858,3.888888888888889,3.977272727272727
825,Kaiuntei  ,海雲亭 小倉本店,Ogura,Korean cuisine,Yakiniku (BBQ Beef),33.0,14.0,3.06,3.06,3.05,22,34.894873056744,135.782205845398,10.784313725490195,4.59016393442623
829,Yukari  ,縁,Shijo,Chinese,Izakaya (Tavern),33.0,,3.32,3.28,3.19,8,35.0017146378705,135.756372080332,10.060975609756099,
832,menkiya  ,麺毅家 河原町店,Kawaramachi,Ramen,Chinese,14.0,,3.08,3.05,3.08,11,35.0062467292621,135.76799550883,4.59016393442623,
833,Kinkao  ,キンカーオ,Shichijo,Thailand cooking,Thai Curry,24.0,14.0,3.55,3.52,3.57,74,34.9894137825205,135.766565291517,6.818181818181818,3.9215686274509807
834,Ujisoukokoro  ,宇治創 こころ,Uji,Dining bar,Creative cuisine,33.0,14.0,3.07,3.0,3.08,25,34.8902875198403,135.802902393235,11.0,4.545454545454545
836,Chikyuuizakayashibuya  ,地球居酒屋 渋屋 椥辻本店,Nagitsuji,Izakaya (Tavern),Japanese food (other),24.0,,3.0,3.0,3.0,10,34.971088796966,135.814206900825,8.0,
837,Ginzaraion  ,銀座ライオン 京都四条烏丸店,Shijo,Dining bar,Beer,42.0,,3.03,3.03,3.03,21,35.0034618678704,135.758877783165,13.861386138613863,
838,ORTO  ,オルト,Karasuma Oike,Innovative cuisine,Fusion cuisine,85.0,42.0,4.06,3.97,3.85,53,35.007990796023805,135.75705300397,21.41057934508816,10.909090909090908
839,tsujiriheehonten  ,辻利兵衛本店,Uji,Parfait,Japan tea shoppe,14.0,14.0,3.54,3.07,3.54,116,34.8894730711688,135.7976731428,4.5602605863192185,3.9548022598870056
842,Toretatedaininguyagyuu  ,とれたてダイニング 柳生,Narayama,Kaiseki (Traditional Japanese),Izakaya (Tavern),33.0,14.0,3.27,3.08,3.45,17,34.715817800493,135.83199384343,10.714285714285714,4.057971014492753
843,Itoudainingu  ,伊藤ダイニング 京都,Gion Shijo,Teppanyaki,Steak,85.0,33.0,3.33,3.13,3.48,18,35.0054405366251,135.77429418951002,27.156549520766774,9.482758620689655
844,Saradanomisesancho  ,サラダの店サンチョ 伏見店,Fushimi Momoyama,Hamburger Steak,Western (Others),14.0,14.0,3.08,3.07,3.1,72,34.931575472782505,135.763604589272,4.5602605863192185,4.516129032258064
845,eruku  ,elk 京都河原町店,Kawaramachi,Pancake,Cafe,14.0,,3.53,3.09,3.52,62,35.0059392645602,135.768133567076,4.53074433656958,
846,Teinojikafe  ,丁の字 CAFE,Kyoto Shiyakusho Mae,Cafe,Coffee shoppe,14.0,,3.55,3.04,3.55,25,35.0130740908337,135.770072244235,4.605263157894737,
848,Maboroshinochuukasobakatouyashijounibojirou  ,幻の中華そば加藤屋 四条にぼ次朗,Shijo,Ramen,Chinese,,,3.51,3.26,3.37,131,35.003455455787694,135.757510674776,,
853,Shisen  ,四川,Kyoto,Sichuan Cuisine,Cantonese Cuisine,65.0,24.0,3.08,3.06,3.09,34,34.9837897543949,135.75596087559902,21.241830065359476,7.766990291262136
855,Yubasen  ,ゆば泉 宝ヶ池店,Kokusaikaikan,Tofu,Yuba,33.0,24.0,3.51,3.25,3.35,30,35.0642764468812,135.789118305015,10.153846153846153,7.164179104477612
858,Anju  ,庵珠,Arashiyama,Tofu,Yuba,33.0,33.0,3.0,3.0,3.0,40,35.0174942169272,135.677135870192,11.0,11.0
859,Genkiya  ,源輝家,Nagaokakyo,Izakaya (Tavern),Seafood,33.0,,3.23,3.15,3.31,24,34.9228941702762,135.69948753610902,10.476190476190476,
860,Gohanya  ,ごはんや,Karasuma Oike,Izakaya (Tavern),Dining bar,24.0,,3.05,3.04,3.05,11,35.0100657151769,135.758682146292,7.894736842105263,
861,Kyouwasabi  ,京わさび,Fukakusa,Pork Shabu Shabu,Kyoto Cuisine,24.0,14.0,3.08,3.08,3.03,5,34.9613731933477,135.767864807966,7.792207792207792,4.62046204620462
864,Shouentei  ,鐘園亭,Kiyomizu Gojo,Chinese,Ramen,14.0,,3.14,3.07,3.13,19,34.997287567898304,135.777048780564,4.5602605863192185,
867,Kafecherisshu  ,cafe Cherish,Marutamachi,Cafe,Sweets (and others),14.0,14.0,3.45,3.11,3.42,34,35.0134686623307,135.763859408711,4.501607717041801,4.093567251461988
869,Kamogawatakashi  ,鴨川たかし,Jingu Marutamachi,Yakiniku (BBQ Beef),Kaiseki (Traditional Japanese),52.0,24.0,3.59,3.58,3.61,58,35.0158783299847,135.769525646838,14.525139664804469,6.64819944598338
870,IZAMA  ,居様,Karasuma,Kyoto Cuisine,Creative cuisine,42.0,14.0,3.53,3.04,3.58,40,35.006591775432504,135.756848918666,13.81578947368421,3.910614525139665
871,Kaisekihyouki  ,懐石 瓢樹,Karasuma Oike,Kappo (Traditional Japanese),Kyoto Cuisine,117.0,42.0,3.47,3.3,3.38,39,35.007406364834104,135.755702212052,35.45454545454545,12.42603550295858
873,Kyounojiyasaiitariampacchokone  ,パッチョコーネ,Kyoto,Italian,Pasta,24.0,,3.03,3.04,3.0,7,34.9893769011115,135.75404549965,7.894736842105263,
874,Kabochanotane  ,かぼちゃのたね,Gion Shijo,Kappo (Traditional Japanese),Kyoto Cuisine,33.0,24.0,3.51,3.41,3.42,25,35.0039632057237,135.774928649282,9.67741935483871,7.017543859649123
877,THE BUFFET STYLE SARA  ,ザ・ブッフェスタイル サラ,Shijo,Buffet style,Creative cuisine,24.0,14.0,3.12,3.07,3.19,93,35.0031524608191,135.759123888083,7.817589576547232,4.38871473354232
878,Karafuneyakohiten  ,からふね屋珈琲店 三条本店,Kyoto Shiyakusho Mae,Traditional Café,Cafe,,,3.52,3.19,3.51,99,35.008415676634606,135.768817304364,,
879,Arashiyamataniguchi  ,嵐山 谷口,Arashiyama,Kaiseki (Traditional Japanese),Kyoto Cuisine,85.0,52.0,3.06,3.06,3.06,8,35.007197042578,135.680433014907,27.77777777777778,16.99346405228758
880,danieruzuaruba  ,Daniel’s ALBA,Karasuma Oike,Italian,Dining bar,33.0,14.0,3.08,3.05,3.1,26,35.010533115415896,135.762281063839,10.819672131147541,4.516129032258064
882,guridorufo-suitsuraku  ,GRIDDLE FORCE 逸楽,Karasuma,Teppanyaki,Steak,52.0,14.0,3.06,3.05,3.06,8,35.006301867766,135.760359751551,17.049180327868854,4.57516339869281
883,Tatsumiya  ,辰巳屋,Uji,Kyoto Cuisine,Hot Pot (other),85.0,33.0,3.07,3.02,3.08,20,34.8884761654939,135.809145225435,28.14569536423841,10.714285714285714
884,Okonomiyakitonchinkan  ,とんちんかん,Kyoto Shiyakusho Mae,Okonomiyaki,Monjya yaki,24.0,14.0,3.05,3.05,3.0,28,35.00769269260989,135.76839040945802,7.868852459016394,4.666666666666667
885,Kifuneugenta  ,貴船 右源太,Kurama,Kyoto Cuisine,Kaiseki (Traditional Japanese),117.0,65.0,3.54,3.51,3.47,55,35.1242945847518,135.763782368037,33.333333333333336,18.731988472622476
886,teuchiudonishokuyabongu  ,手打ちうどん 居食屋 凡愚,Nishi Maizuru,Izakaya (Tavern),Udon,14.0,14.0,3.07,3.07,3.06,14,35.446113952488105,135.328732848371,4.5602605863192185,4.57516339869281
889,Menshoutakamatsu  ,麺匠 たか松 本店,Karasuma,Tsukemen,Ramen,,,3.58,3.41,3.58,203,35.0062610473475,135.76084915722998,,
891,Waraku  ,和楽,Fukuchiyama,Izakaya (Tavern),Kaiseki (Traditional Japanese),24.0,,3.0,3.06,3.0,12,35.298916577386706,135.118340987517,7.8431372549019605,
892,YEBISU BAR  ,エビスバー 京都ヨドバシ店,Kyoto,Beer bar,Bar,33.0,,3.08,3.07,3.08,70,34.988132004643305,135.75921523511101,10.749185667752444,
894,Tenichi  ,天一 京都伊勢丹店,Kyoto,Tempura,Ten-don (Tempura Bowl),65.0,24.0,3.51,3.32,3.53,52,34.9858865044589,135.757672025839,19.57831325301205,6.798866855524079
895,Rakuzenkakinuma  ,楽膳柿沼,Jingu Marutamachi,Kappo (Traditional Japanese),Kaiseki (Traditional Japanese),85.0,24.0,3.1,3.09,3.08,9,35.017590186638195,135.777360379382,27.508090614886733,7.792207792207792
